{
	"class_name" : "ViewTrajectory",
	"interval" : 29,
	"is_loop" : false,
	"trajectory" : 
	[
		{
			"boundingbox_max" : [ 0.099161655175606059, 0.11824864101618388, 1.1523352861404419 ],
			"boundingbox_min" : [ -0.022772817986173744, -0.12120825607555831, 0.92626600843936657 ],
			"field_of_view" : 60.0,
			"front" : [ 0.064206495310722769, -0.86490580530508554, 0.49781068079087648 ],
			"lookat" : [ 0.038194418594716159, -0.0014798075296872173, 1.0393006472899042 ],
			"up" : [ -0.020747449902984626, -0.49988907814793887, -0.86584089350811277 ],
			"zoom" : 0.69999999999999996
		}
	],
	"version_major" : 1,
	"version_minor" : 0
}