{
	"class_name" : "ViewTrajectory",
	"interval" : 29,
	"is_loop" : false,
	"trajectory" : 
	[
		{
			"boundingbox_max" : [ 0.90858565504239841, 0.67420498139841178, 1.7309999465942383 ],
			"boundingbox_min" : [ -0.72246891894732335, -0.59466857741378132, 0.43700000643730164 ],
			"field_of_view" : 60.0,
			"front" : [ -0.16035932598617819, -0.21637622934267159, -0.96305047320724912 ],
			"lookat" : [ 0.093058368047537532, 0.039768201992315233, 1.08399997651577 ],
			"up" : [ 0.48301377183726496, -0.86807952094439422, 0.11461082641919043 ],
			"zoom" : 0.21999999999999958
		}
	],
	"version_major" : 1,
	"version_minor" : 0
}